word	word_class	verdict	reason
abstrakte	adj	rejected	odd-unclear: describes ideas/art, not a person
adrætte	adj	approved	kim
aflange	adj	rejected	body-appearance: elongated shape; on a person reads as body shape
aktive	adj	approved	
alkoholfrie	adj	rejected	odd-unclear: describes drinks; on a person hints at sobriety/addiction
ambitiøse	adj	approved	
animalske	adj	rejected	negative: animalistic, carnal, brutish
ansvarsløse	adj	rejected	negative: irresponsible
antikke	adj	rejected	odd-unclear: kim placed it in the objects list
antistatiske	adj	rejected	odd-unclear: technical material property
appetitlige	adj	rejected	odd-unclear: kim placed it in the objects list
artsrige	adj	rejected	odd-unclear: biology term for habitats
arvelige	adj	rejected	odd-unclear: hereditary; describes traits/diseases, not a person
automatiske	adj	rejected	odd-unclear: describes machines
bagudrettede	adj	rejected	negative: backward-looking/old-fashioned on a person
balancerede	adj	approved	kim
bare	adj	rejected	body-appearance: 'bar' = naked; also reads as 'just a ...' (belittling)
barmfagre	adj	rejected	body-appearance: big-bosomed
begejstrede	adj	approved	
behagelige	adj	approved	
behændige	adj	approved	
bekendte	adj	approved	kim
belæste	adj	approved	
benzindrevne	adj	rejected	odd-unclear: petrol-powered; describes engines
beslægtede	adj	rejected	odd-unclear: relational (related to whom?), puzzling alone
bevidste	adj	rejected	odd-unclear: reads as conscious vs unconscious state
bevoksede	adj	rejected	odd-unclear: overgrown; describes land
bevægelige	adj	rejected	odd-unclear: kim placed it in the objects list
billedskønne	adj	rejected	body-appearance: judges looks
bistre	adj	rejected	negative: grim, stern
blandbare	adj	rejected	odd-unclear: miscible; chemistry term
blonde	adj	rejected	body-appearance: hair colour
blårøde	adj	rejected	body-appearance: colour; on a person reads as skin colour (cold/flushed)
bløde	adj	rejected	negative: soft on a person reads as weak/soft-bodied
brandbare	adj	rejected	odd-unclear: flammable; describes materials
brandhærgede	adj	rejected	death-illness-misfortune: ravaged by fire
brandsikre	adj	rejected	odd-unclear: fireproof; describes materials/buildings
bratte	adj	rejected	negative: abrupt/curt on a person
brave	adj	rejected	odd-unclear: old-fashioned, can be patronising; false friend of English "brave"
brede	adj	rejected	body-appearance: broad/wide body size
bredstribede	adj	rejected	odd-unclear: broad-striped; describes fabric
brune	adj	rejected	body-appearance: skin/hair colour
brungule	adj	rejected	body-appearance: colour; on a person reads as skin colour
byggede	adj	rejected	odd-unclear: kim placed it in the objects list
bærbare	adj	rejected	odd-unclear: portable; describes devices
børstede	adj	rejected	odd-unclear: kim placed it in the objects list
centrale	adj	approved	kim
cylindriske	adj	rejected	odd-unclear: geometric shape
dagklare	adj	rejected	odd-unclear: describes light/weather
direkte	adj	rejected	odd-unclear: indeclinable, reads as 'live/directly'; as a trait borders on blunt
distraherede	adj	approved	kim
distræte	adj	rejected	negative: absent-minded
dobbelte	adj	rejected	odd-unclear: kim placed it in the objects list
driftsklare	adj	rejected	odd-unclear: kim placed it in the objects list
drikkeklare	adj	rejected	odd-unclear: ready to drink; describes beverages
dybe	adj	rejected	odd-unclear: kim placed it in the objects list
dybfølte	adj	rejected	odd-unclear: describes feelings, not people
dygtige	adj	approved	
dynamiske	adj	approved	kim
elektriske	adj	rejected	odd-unclear: kim placed it in the objects list
elektroniske	adj	rejected	odd-unclear: kim placed it in the objects list
embryonale	adj	rejected	odd-unclear: biology term
endelige	adj	rejected	odd-unclear: final/finite; 'the final pilot' is puzzling
energiske	adj	approved	kim
enetages	adj	rejected	odd-unclear: single-storey; describes buildings
enige	adj	rejected	odd-unclear: needs others; meaningless for one person
enliters	adj	rejected	odd-unclear: one-litre; describes containers
ensfarvede	adj	rejected	odd-unclear: single-coloured; describes fabric/objects
enæggede	adj	rejected	odd-unclear: monozygotic; biology term
erfarne	adj	approved	
etiske	adj	rejected	odd-unclear: abstract moral term, reads as a judgement
etværelses	adj	rejected	odd-unclear: one-room; describes flats
fade	adj	rejected	negative: bland/insipid
faktuelle	adj	rejected	odd-unclear: abstract, not a person trait
fanatiske	adj	rejected	negative: fanatical
fartglade	adj	rejected	negative: can imply reckless driving
farverige	adj	rejected	sensitive: of a person often a euphemism for eccentric/flamboyant ('farverig skikkelse'); 'colourful' can be misread as a remark on skin colour (second review)
farveægte	adj	rejected	odd-unclear: colourfast; describes textiles
faste	adj	rejected	odd-unclear: reads as employment/attendance status ('fast ansat', 'den faste maler' = the regular one), not a trait; physical sense = firm (body) (second review)
filosofiske	adj	approved	
fine	adj	rejected	negative: 'den fine X' often reads as posh/snobbish, mildly mocking (class)
firbenede	adj	rejected	odd-unclear: four-legged; describes animals
firestemmige	adj	rejected	odd-unclear: four-part (music); describes compositions
fladbrystede	adj	rejected	body-appearance: flat-chested
flegmatiske	adj	rejected	negative: phlegmatic, sluggish
fleksible	adj	approved	
flerfarvede	adj	rejected	odd-unclear: multi-coloured; describes objects
flittige	adj	approved	
flydende	adj	rejected	odd-unclear: liquid/fluent; puzzling on its own for a person
forbavsede	adj	approved	
forblæste	adj	rejected	negative: scatterbrained/flighty, or windswept looks
foretagsomme	adj	approved	
formbare	adj	rejected	negative: malleable, easily influenced
fornøjelige	adj	rejected	odd-unclear: describes experiences; of a person reads as 'amusing/laughable' (second review)
forsigtige	adj	approved	
forudseelige	adj	rejected	negative: predictable
fribladede	adj	rejected	odd-unclear: botanical term
frisindede	adj	rejected	sensitive: political/sexual liberalism
friskbagte	adj	rejected	odd-unclear: freshly baked; describes bread
friske	adj	rejected	sensitive: health-status reading (not ill, 'rask og frisk'), flirty 'frisk pige' (up for it), and cheeky ('frisk i replikken') (second review)
frivillige	adj	rejected	sensitive: reads like legal status (voluntary vs compulsory placement/admission), not a trait (second review)
frodige	adj	rejected	body-appearance: lush/voluptuous on a person
frosne	adj	rejected	body-appearance: frozen; physical state of the body
frugtbare	adj	rejected	body-appearance: fertile; sexuality/reproduction
fulde	adj	rejected	negative: reads as 'drunk'
fysiske	adj	rejected	odd-unclear: classifying adjective; on a person points at body/rough play
færdige	adj	rejected	negative: 'done for', exhausted, wasted
føjelige	adj	rejected	negative: docile/submissive
følsomme	adj	rejected	negative: can read as touchy/over-sensitive
galsindede	adj	rejected	negative: vicious, rabid
geniale	adj	approved	
gentekniske	adj	rejected	odd-unclear: genetic-engineering term
geologiske	adj	rejected	odd-unclear: science term
geometriske	adj	rejected	odd-unclear: maths term
geotermiske	adj	rejected	odd-unclear: science term
glade	adj	approved	
glatte	adj	rejected	negative: slick/slippery (untrustworthy)
glædelige	adj	rejected	odd-unclear: describes events, not people
gode	adj	approved	
godhjertede	adj	approved	
grafiske	adj	rejected	odd-unclear: graphic; describes design/print, also 'explicit'
gråblå	adj	rejected	body-appearance: colour; on a person reads as skin colour
gråbrune	adj	rejected	body-appearance: colour; on a person reads as skin colour
grågrønne	adj	rejected	body-appearance: colour; on a person reads as sickly skin
grænseløse	adj	rejected	negative: has no boundaries (inappropriate behaviour)
græsgrønne	adj	rejected	body-appearance: colour; on a person reads as skin colour
grødede	adj	rejected	odd-unclear: mushy/porridge-like; describes texture or slurred voice
gulgrønne	adj	rejected	body-appearance: colour; on a person reads as sickly skin
gullighvide	adj	rejected	body-appearance: colour; on a person reads as pale skin
handy	adj	rejected	odd-unclear: anglicism meaning convenient, used of things
harmoniske	adj	approved	
hede	adj	rejected	body-appearance: hot/aroused, sexual connotation
hemmelige	adj	rejected	odd-unclear: secret; evokes secret lover/agent, puzzling
holdbare	adj	rejected	odd-unclear: durable/shelf-stable; describes goods or arguments
hornede	adj	rejected	odd-unclear: horned; animal trait, devil/cuckold associations
hurtige	adj	approved	
hvide	adj	rejected	body-appearance: skin colour (ethnicity)
hvidlige	adj	rejected	body-appearance: whitish; reads as pale skin
hårede	adj	rejected	body-appearance: hairy
hæse	adj	rejected	body-appearance: hoarse; physical state/symptom
høje	adj	rejected	body-appearance: tall; also slang for high on drugs
højhælede	adj	rejected	body-appearance: high-heeled; looks/clothing
højloftede	adj	rejected	odd-unclear: high-ceilinged; describes rooms
højrøde	adj	rejected	body-appearance: bright red skin
højtbegavede	adj	rejected	sensitive: clinical IQ/cognitive-assessment term in social services (second review)
højtliggende	adj	rejected	odd-unclear: high-lying; describes places
ikkehvide	adj	rejected	sensitive: non-white, ethnicity
imponerende	adj	approved	
indendørs	adj	rejected	odd-unclear: indoor; describes activities/places
indlysende	adj	rejected	odd-unclear: describes facts, not people
indre	adj	rejected	odd-unclear: inner; puzzling for a person
indsatte	adj	rejected	weapons-violence: 'de indsatte' = prison inmates
indvendige	adj	rejected	odd-unclear: internal; describes parts of things
innovative	adj	approved	
inspirerende	adj	approved	
intense	adj	rejected	negative: can read as overbearing
interessante	adj	rejected	negative: euphemism for an odd or difficult person (second review)
interne	adj	rejected	odd-unclear: internal; 'intern' as noun = institution inmate
intetanende	adj	rejected	negative: unsuspecting, victim-like
isede	adj	rejected	odd-unclear: iced; describes surfaces/drinks
ivrige	adj	approved	
jordiske	adj	rejected	sensitive: earthly vs heavenly, religious/mortality contrast
kampberedte	adj	rejected	weapons-violence: combat-ready, military
kemiske	adj	rejected	odd-unclear: chemistry term
kernefysiske	adj	rejected	odd-unclear: nuclear-physics term
klangfulde	adj	rejected	odd-unclear: sonorous; describes sound/voices
klanglige	adj	rejected	odd-unclear: tonal; music term
klangløse	adj	rejected	odd-unclear: toneless; describes sound
klare	adj	rejected	sensitive: clinical status phrase ('klar og orienteret' = lucid); otherwise reads as 'ready', not a clear trait (second review)
klejne	adj	rejected	negative: puny/feeble
klimatiske	adj	rejected	odd-unclear: climatic; describes weather
kloge	adj	approved	
kløgtige	adj	approved	
kokrøde	adj	rejected	body-appearance: flushed red skin
kompakte	adj	rejected	body-appearance: compact = stocky body
konkave	adj	rejected	odd-unclear: geometric shape
konkrete	adj	rejected	odd-unclear: concrete; describes ideas/things
kontante	adj	rejected	odd-unclear: mainly 'cash'; on a person means blunt
konvekse	adj	rejected	odd-unclear: geometric shape
kortbølgede	adj	rejected	odd-unclear: short-wave; physics/radio term
korte	adj	rejected	body-appearance: short height
kraftfulde	adj	rejected	body-appearance: of a person readily read as powerfully/heavily built, close to 'kraftig' (euphemism for stout) (second review)
kreative	adj	approved	
krigsramte	adj	rejected	death-illness-misfortune: war-stricken
kronede	adj	rejected	odd-unclear: crowned; royalty, puzzling for an ordinary person
kropslige	adj	rejected	body-appearance: bodily
kugleformede	adj	rejected	body-appearance: spherical; mocks body shape
kuldskære	adj	rejected	body-appearance: frost-sensitive; physical state of the body
kunstneriske	adj	approved	
kvantitative	adj	rejected	odd-unclear: quantitative; methodology term
kvindelige	adj	rejected	sensitive: gender
kærlige	adj	rejected	sensitive: intimate/romantic connotation, embarrassing in HR cases (second review)
kønnede	adj	rejected	sensitive: gendered
landlige	adj	rejected	odd-unclear: rural; describes places, provincial connotation
langhalede	adj	rejected	odd-unclear: long-tailed; describes animals
langlemmede	adj	rejected	body-appearance: long-limbed
langstilkede	adj	rejected	odd-unclear: long-stemmed; describes plants
langærmede	adj	rejected	odd-unclear: long-sleeved; describes clothing
leddelte	adj	rejected	odd-unclear: articulated; describes structures
legemlige	adj	rejected	body-appearance: bodily/corporeal
letflydende	adj	rejected	odd-unclear: free-flowing; describes liquids/prose
lette	adj	rejected	body-appearance: light weight; 'let pige' = easy (sexual slang)
levende	adj	rejected	death-illness-misfortune: primarily 'alive', invokes living/dead contrast
lig	adj	rejected	death-illness-misfortune: 'lig' as noun = corpse
lige	adj	rejected	odd-unclear: straight/even; reads as adverb 'just'
lilla	adj	rejected	body-appearance: colour; on a person reads as skin colour (bruised/cold)
linde	adj	rejected	odd-unclear: archaic 'mild'; reads as linden tree
lineære	adj	rejected	odd-unclear: maths term
litterære	adj	rejected	odd-unclear: domain term, not a natural person trait
lodrette	adj	rejected	odd-unclear: vertical; describes lines
logiske	adj	rejected	odd-unclear: describes arguments, not people; odd before a person noun (second review)
luftformige	adj	rejected	odd-unclear: gaseous; physics term
lydige	adj	rejected	negative: obedient, patronising
lydløse	adj	rejected	odd-unclear: noiseless; describes machines
lykkelige	adj	approved	
lyse	adj	rejected	body-appearance: reads as fair-haired/fair-skinned
lyseblå	adj	rejected	odd-unclear: colour, does not describe a person
lysebrune	adj	rejected	body-appearance: colour reads as skin/hair colour
lysegrå	adj	rejected	odd-unclear: colour; for a person suggests grey hair
lysegule	adj	rejected	sensitive: yellow as a person colour evokes ethnic slur
lyserøde	adj	rejected	odd-unclear: colour (pink); naive/rosy reading odd
læselige	adj	rejected	odd-unclear: legible, describes text
løse	adj	rejected	negative: 'løs fugl'/loose, unreliable or promiscuous
løstsiddende	adj	rejected	odd-unclear: loose-fitting, describes clothes
løvgrønne	adj	rejected	odd-unclear: colour, does not describe a person
madglade	adj	rejected	body-appearance: euphemism for overweight
magnetiske	adj	rejected	sensitive: of a person implies seductive attraction ('magnetisk tiltrækning'); literal sense is physics (second review)
manuelle	adj	rejected	odd-unclear: manual, describes tools/processes
marineblå	adj	rejected	odd-unclear: colour, does not describe a person
markante	adj	rejected	body-appearance: physical reading 'markante træk' (pronounced/hard features); of a person also a euphemism for outspoken/domineering (second review)
massive	adj	rejected	body-appearance: massive, refers to body size
mekaniske	adj	rejected	negative: mechanical/robotic, unfeeling
menneskelige	adj	rejected	odd-unclear: with a person noun reads literally 'human' (as opposed to non-human) or 'fallible' ('menneskelig fejl'), not a trait (second review)
mentale	adj	rejected	death-illness-misfortune: mental health; slang for crazy
milde	adj	approved	
miljømæssige	adj	rejected	odd-unclear: environmental, relational adjective for things
modige	adj	approved	
modne	adj	rejected	sensitive: mature, connotes age ('moden kvinde')
moralske	adj	rejected	negative: moralising
mundlamme	adj	rejected	odd-unclear: speechless; contains "lam" (paralysed)
muntre	adj	rejected	negative: common euphemism for tipsy (second review)
musikalske	adj	approved	
muskuløse	adj	rejected	body-appearance: muscular body
målbevidste	adj	approved	
målelige	adj	rejected	odd-unclear: measurable, describes quantities
mægtige	adj	rejected	body-appearance: of a person reads as huge/enormous ('en mægtig mand') or as powerful/rich (class/status) (second review)
mærkelige	adj	rejected	negative: strange
mætte	adj	rejected	body-appearance: satiated, physical state of the body
mønstrede	adj	rejected	odd-unclear: patterned, describes fabric
mørkeblå	adj	rejected	odd-unclear: colour, does not describe a person
mørkegrå	adj	rejected	odd-unclear: colour, does not describe a person
mørkegrønne	adj	rejected	odd-unclear: colour, does not describe a person
mørkhudede	adj	rejected	body-appearance: skin colour (also ethnicity)
mørkhårede	adj	rejected	body-appearance: hair colour
nuttede	adj	rejected	body-appearance: cute looks; patronizing for an adult
nyfigne	adj	rejected	negative: nosy
nysgerrige	adj	rejected	negative: also means nosy/prying ('nysgerrige nabo') (second review)
nysynede	adj	rejected	odd-unclear: newly inspected, describes cars
nærværende	adj	rejected	odd-unclear: legalese 'nærværende sag' = 'the present case'; odd before a person noun (second review)
næste	adj	rejected	odd-unclear: 'next', not a description
nøgne	adj	rejected	body-appearance: nudity
oliefyrede	adj	rejected	odd-unclear: oil-fired, describes heating
opdækkede	adj	rejected	odd-unclear: laid/set (table), describes things
opfindsomme	adj	approved	
opmærksomme	adj	approved	
opslidte	adj	rejected	negative: worn out, exhausted
opsmøgede	adj	rejected	odd-unclear: rolled-up (sleeves), describes clothes
opstemte	adj	rejected	death-illness-misfortune: psychiatric term for elevated/manic mood; also tipsy (second review)
optagne	adj	rejected	odd-unclear: ambiguous busy/taken in a relationship/recorded
optimistiske	adj	approved	
orale	adj	rejected	body-appearance: oral, anatomical/sexual connotation
orangegule	adj	rejected	odd-unclear: colour, does not describe a person
orangerøde	adj	rejected	odd-unclear: colour, does not describe a person
ordentlige	adj	rejected	sensitive: reads as a behaviour/moral assessment (decent, well-behaved); patronising for an adult (second review)
overgivne	adj	rejected	odd-unclear: rare; also "surrendered"
papirstynde	adj	rejected	body-appearance: paper-thin, body thinness
passionerede	adj	rejected	sensitive: sexual/romantic connotation, embarrassing in HR cases (second review)
pertentlige	adj	rejected	negative: fussy, pedantic
pink	adj	rejected	odd-unclear: colour, does not describe a person
plane	adj	rejected	odd-unclear: flat/planar, geometry
planteædende	adj	rejected	odd-unclear: herbivorous, describes animals
populære	adj	approved	
positive	adj	rejected	death-illness-misfortune: reads as a positive test result (HIV/COVID-positive) (second review)
praktiske	adj	rejected	odd-unclear: attributively mostly 'convenient' (objectifying); 'praktisk anlagt' is a common euphemism for not academic (second review)
puklede	adj	rejected	body-appearance: hunchbacked, body deformity
pædagogiske	adj	rejected	odd-unclear: domain term; can be condescending
refleksfrie	adj	rejected	odd-unclear: anti-reflective, describes surfaces
regelmæssige	adj	rejected	odd-unclear: regular, describes schedules/features
regnfulde	adj	rejected	odd-unclear: rainy, weather
rejselystne	adj	approved	
rene	adj	rejected	body-appearance: clean/hygiene; also 'clean' from drugs
retslærde	adj	rejected	odd-unclear: archaic legal term
rette	adj	rejected	odd-unclear: 'the right one', not a description
rige	adj	rejected	sensitive: wealth/class
rigelige	adj	rejected	odd-unclear: ample, describes amounts
robuste	adj	rejected	body-appearance: physical reading sturdy/stout build; 'psykisk robust' is also a social-services assessment term (second review)
rolige	adj	approved	
romantiske	adj	rejected	sensitive: romantic/sexual connotation, embarrassing in HR cases (second review)
rumlige	adj	rejected	odd-unclear: spatial, describes space
runde	adj	rejected	body-appearance: round, body shape
rytmiske	adj	rejected	odd-unclear: rhythmic, describes music/movement not a person
rødbrune	adj	rejected	body-appearance: colour reads as hair/skin colour
rødmossede	adj	rejected	body-appearance: rosy-cheeked complexion
rørte	adj	rejected	odd-unclear: moved/stirred; reads as verb 'touched'
sagte	adj	rejected	odd-unclear: soft/quiet, mainly an adverb for sound
sande	adj	rejected	odd-unclear: "true", ambiguous with verb "sande"
scenevante	adj	rejected	odd-unclear: theatre jargon, odd for most persons
seismiske	adj	rejected	odd-unclear: seismic, geology
sejlklare	adj	rejected	odd-unclear: ready to sail, describes boats
selvoptagne	adj	rejected	negative: self-absorbed
selvsikre	adj	rejected	negative: often implies cocky/overconfident (second review)
sentimentale	adj	rejected	negative: mildly mocking
sikre	adj	rejected	odd-unclear: ambiguous with the verb 'sikre' (to secure); 'safe' evokes risk assessment (second review)
sirlige	adj	rejected	odd-unclear: mainly of handwriting/objects; of a person reads as prim, fussy, old-fashioned (second review)
skaldede	adj	rejected	body-appearance: bald
skifrede	adj	rejected	odd-unclear: slaty, geology
skriftlige	adj	rejected	odd-unclear: written, describes documents
skrå	adj	rejected	odd-unclear: slanted, geometry
skyede	adj	rejected	odd-unclear: cloudy, weather
skyfrie	adj	rejected	odd-unclear: cloudless, weather
skællede	adj	rejected	body-appearance: scaly skin
slanke	adj	rejected	body-appearance: slim body
slikne	adj	rejected	negative: greedy for sweets
slække	adj	rejected	odd-unclear: slack, nautical term
smagfulde	adj	rejected	odd-unclear: tasteful, describes things; 'tasty' reading
smalle	adj	rejected	body-appearance: narrow/thin; also narrow-minded
smukke	adj	rejected	body-appearance: beautiful, about looks
små	adj	rejected	body-appearance: small, body size
småbladede	adj	rejected	odd-unclear: small-leaved, botany
snedige	adj	rejected	negative: sly
snedækkede	adj	rejected	odd-unclear: snow-covered, weather/landscape
snefri	adj	rejected	odd-unclear: snow-free, weather
solrige	adj	rejected	odd-unclear: sunny, weather
sorgløse	adj	rejected	negative: careless; contains "sorg" (grief)
sortladne	adj	rejected	body-appearance: blackish, reads as skin colour
spilleklare	adj	rejected	odd-unclear: sports injury/fitness status (cleared to play), not a personal trait (second review)
spiredygtige	adj	rejected	odd-unclear: germinable, describes seeds
spiselige	adj	rejected	odd-unclear: edible, describes food; joke reading
spontane	adj	approved	
sportslige	adj	rejected	odd-unclear: relational 'sport-related' ('sportslig direktør'), reads as a role; else a comment on athletic build or sporty look (second review)
sprogkyndige	adj	rejected	sensitive: formal; language proficiency is sensitive in immigration cases (second review)
sproglige	adj	rejected	odd-unclear: domain term
spændende	adj	approved	
stabile	adj	rejected	sensitive: clinical/psychiatric status ('stabil tilstand', 'psykisk stabil'), reads as a case assessment (second review)
stedkendte	adj	rejected	odd-unclear: rare
stille	adj	approved	
stilrene	adj	rejected	odd-unclear: clean-lined, design term; about appearance
store	adj	rejected	body-appearance: big, body size
stribede	adj	rejected	odd-unclear: striped, describes fabric
stridslystne	adj	rejected	negative: quarrelsome
studieegnede	adj	rejected	odd-unclear: education jargon
stumme	adj	rejected	death-illness-misfortune: mute
stædige	adj	rejected	negative: stubborn
støjsvage	adj	rejected	odd-unclear: low-noise, describes machines
subjektive	adj	rejected	odd-unclear: abstract, reads as criticism
sultne	adj	rejected	body-appearance: hungry, physical state of the body
sunde	adj	rejected	death-illness-misfortune: health status
svedige	adj	rejected	body-appearance: sweaty
synlige	adj	rejected	odd-unclear: visible, not a person quality
synske	adj	rejected	odd-unclear: clairvoyant, occult
søde	adj	rejected	sensitive: patronising or flirty about an adult ('søde pige'); also taste sense (second review)
taknemlige	adj	rejected	negative: patronizing in social-services contexts (the grateful recipient) (second review)
taktile	adj	rejected	odd-unclear: tactile, technical/anatomical
talentfulde	adj	approved	
tankefulde	adj	approved	
tanketomme	adj	rejected	negative: empty-headed
teglhængte	adj	rejected	odd-unclear: tile-roofed, describes buildings
tekniske	adj	rejected	odd-unclear: relational adjective forming staff categories ('teknisk personale', 'teknisk assistent'), reads as a role, not a trait (second review)
teknologiske	adj	rejected	odd-unclear: technological, describes technology
telefoniske	adj	rejected	odd-unclear: by telephone, describes communication
ternede	adj	rejected	odd-unclear: checkered, describes fabric
terrængående	adj	rejected	odd-unclear: off-road, describes vehicles
tilfredse	adj	approved	
tilgrænsende	adj	rejected	odd-unclear: adjacent, describes places
tilgængelige	adj	rejected	odd-unclear: "available" person, ambiguous/suggestive
tilrøgede	adj	rejected	odd-unclear: smoke-filled, describes rooms
transparente	adj	rejected	odd-unclear: transparent/see-through, describes materials
travle	adj	approved	
troværdige	adj	rejected	sensitive: reads like a legal/asylum credibility assessment (second review)
trådløse	adj	rejected	odd-unclear: wireless, technology
turkise	adj	rejected	odd-unclear: colour, does not describe a person
turkisgrønne	adj	rejected	odd-unclear: colour, does not describe a person
tydelige	adj	approved	
tykke	adj	rejected	body-appearance: fat
tyktflydende	adj	rejected	odd-unclear: viscous, describes liquids
tålmodige	adj	approved	
tænkelige	adj	rejected	odd-unclear: abstract
tænksomme	adj	approved	
tætte	adj	rejected	negative: slang for drunk; also stocky build
tørstige	adj	rejected	body-appearance: thirsty, body state; drinking connotation
ubesmykkede	adj	rejected	odd-unclear: unadorned, describes things
ubetingede	adj	rejected	odd-unclear: abstract; "ubetinget fængsel"
ublandede	adj	rejected	odd-unclear: unmixed, describes substances
udadvendte	adj	approved	
udbredte	adj	rejected	odd-unclear: widespread, describes phenomena
udflydende	adj	rejected	negative: vague, rambling
udhvilede	adj	rejected	odd-unclear: temporary physical state (well-rested), not a trait; easily read sarcastically as idle in HR (second review)
ufortrødne	adj	approved	
ukloge	adj	rejected	negative: unwise
ukritiske	adj	rejected	negative: uncritical
underfundige	adj	rejected	negative: can mean sly
underlige	adj	rejected	negative: strange
ungdommelige	adj	rejected	sensitive: youthful, age
unge	adj	rejected	sensitive: young, age
unuancerede	adj	rejected	negative: simplistic
uovervejede	adj	rejected	negative: rash
upåagtede	adj	rejected	negative: overlooked, sad
upåklædte	adj	rejected	body-appearance: undressed, nudity
uredelige	adj	rejected	negative: dishonest
uskyldige	adj	rejected	weapons-violence: evokes guilt/crime
usoignerede	adj	rejected	negative: unkempt
usynlige	adj	rejected	negative: invisible, overlooked
usårlige	adj	rejected	negative: invulnerable, often ironic about hubris; evokes wounds
vandrette	adj	rejected	odd-unclear: horizontal, geometry
vandrige	adj	rejected	odd-unclear: water-rich, describes places
vandtætte	adj	rejected	odd-unclear: waterproof, describes materials
varme	adj	rejected	body-appearance: warm/hot; can read as sexy/aroused or feverish
velduftende	adj	rejected	body-appearance: body smell
velklædte	adj	rejected	body-appearance: well-dressed, about looks
veloplagte	adj	approved	
velsmagende	adj	rejected	odd-unclear: tasty, describes food
veltilfredse	adj	rejected	negative: connotes smug/complacent ('veltilfreds smil') (second review)
velvillige	adj	rejected	odd-unclear: formal; reads like a compliance assessment of a client (second review)
venlige	adj	approved	
vide	adj	rejected	odd-unclear: wide, describes spaces; homograph of 'know'
vilde	adj	rejected	negative: unruly; sexual connotation
viljestærke	adj	rejected	negative: common euphemism for stubborn/headstrong (esp. children) (second review)
villige	adj	rejected	body-appearance: "villig" has sexual connotation
violblå	adj	rejected	odd-unclear: colour, does not describe a person
vise	adj	rejected	odd-unclear: ambiguous with verb "vise" / noun "vise"
viselige	adj	rejected	odd-unclear: archaic
visse	adj	rejected	odd-unclear: quantifier "certain"
vissengrønne	adj	rejected	odd-unclear: colour (withered green)
vittige	adj	approved	
vokale	adj	rejected	odd-unclear: vocal, music term
voksne	adj	rejected	sensitive: adult, age; 'voksen-' adult-content connotation
vrøvlede	adj	rejected	negative: nonsensical
vågne	adj	rejected	odd-unclear: primarily 'awake' (consciousness state, clinical 'vågen og klar') rather than 'alert' (second review)
værdige	adj	rejected	odd-unclear: dignified/worthy ambiguous; needs complement
ydmyge	adj	rejected	negative: homograph of verb 'ydmyge' (to humiliate)
ydre	adj	rejected	odd-unclear: outer, describes position
åbenlyse	adj	rejected	odd-unclear: describes facts, not people
åndsfriske	adj	rejected	sensitive: used of the elderly (age)
årvågne	adj	rejected	odd-unclear: formal; stock phrase 'en årvågen borger' = police tipster (second review)
ægte	adj	rejected	sensitive: evokes 'ægte dansker' (ethnic authenticity) and 'ægte/uægte barn' (legitimacy); implies others are fake (second review)
æstetiske	adj	rejected	odd-unclear: unusual for a person; appearance
økologiske	adj	rejected	odd-unclear: organic, describes food/farming
abonnent	sb	approved	
adoptant	sb	rejected	sensitive: adoption/family-status role
adoptivbarn	sb	rejected	death-illness-misfortune: life-status word (adopted child)
adressat	sb	rejected	odd-unclear: formal jargon (addressee)
advokat	sb	rejected	sensitive: justice-system role; in legal/social-services cases reads as a party's actual role (second review)
afholdsmand	sb	rejected	sensitive: alcohol-abstinence lifestyle label, old-fashioned and gendered
afkom	sb	rejected	odd-unclear: collective 'offspring', animal-like for a person
afløser	sb	approved	
agent	sb	rejected	weapons-violence: spy/military intelligence sense
akademiker	sb	rejected	sensitive: education/class status label
aktionær	sb	rejected	sensitive: wealth/class status rather than a role
alt	sb	rejected	odd-unclear: 'alto' sense unreadable, reads as 'everything'
ambassadør	sb	approved	
analytiker	sb	approved	
andelshaver	sb	rejected	odd-unclear: legal jargon (co-op shareholder)
angriber	sb	rejected	weapons-violence: 'attacker'
anklager	sb	rejected	weapons-violence: criminal prosecution; also 'accuser'
anmelder	sb	rejected	sensitive: legal sense is the person who filed a police report (anmeldelse); confusing in legal/social cases (second review)
ansigt	sb	rejected	body-appearance: body part (face)
ansøger	sb	rejected	odd-unclear: administrative status (applicant), confusable with real case status
antropolog	sb	approved	
apoteker	sb	approved	
arbejder	sb	rejected	sensitive: class label (working class)
arbejdsbi	sb	rejected	negative: can read as belittling (mere worker bee)
arbejdsdyr	sb	rejected	negative: animal metaphor (workhorse), belittling
arbejdsgiver	sb	approved	
arkitekt	sb	approved	
arkæolog	sb	approved	
artist	sb	approved	
arveonkel	sb	rejected	death-illness-misfortune: implies inheritance via death
astrolog	sb	rejected	sensitive: esoteric belief, may read as mocking
astronom	sb	approved	
atlet	sb	approved	
atomforsker	sb	rejected	odd-unclear: overly specialised; nuclear connotation
autoophugger	sb	rejected	odd-unclear: rare occupation, hard to read
autoritet	sb	rejected	odd-unclear: mostly abstract
baby	sb	rejected	sensitive: age, infantilising for an adult
bachelor	sb	rejected	sensitive: education status; English 'bachelor' = unmarried man
badegæst	sb	approved	
bager	sb	approved	
balletdanser	sb	approved	
bankdirektør	sb	approved	
bankkunde	sb	approved	
bankrådgiver	sb	approved	
barn	sb	rejected	sensitive: age, infantilising for an adult
barnebarn	sb	rejected	sensitive: family-status/age
baron	sb	rejected	sensitive: nobility title
bedstefar	sb	rejected	sensitive: age/family-status, gendered
bedstemor	sb	rejected	sensitive: age/family-status, gendered
bedømmer	sb	rejected	odd-unclear: uncommon role word; judging connotation
begynder	sb	rejected	negative: implies inexperience
behandler	sb	rejected	odd-unclear: vague therapy/health jargon
bekendt	sb	approved	
bekendtskab	sb	rejected	odd-unclear: mostly abstract (acquaintanceship)
beretter	sb	rejected	odd-unclear: rare literary word
berømthed	sb	approved	
besidder	sb	rejected	odd-unclear: legal jargon
beskuer	sb	rejected	odd-unclear: literary
bestyrer	sb	approved	
betaler	sb	rejected	odd-unclear: financial jargon
betjent	sb	rejected	weapons-violence: police officer
bibliotekar	sb	approved	
bidragsyder	sb	rejected	sensitive: also child-support payer (family law)
bilist	sb	approved	
billedhugger	sb	approved	
biograf	sb	approved	
biolog	sb	approved	
blæksprutte	sb	approved	
blæser	sb	rejected	odd-unclear: person sense (wind player) unclear, slang risk
bobestyrer	sb	rejected	death-illness-misfortune: estate/bankruptcy administrator
boganmelder	sb	approved	
boghandler	sb	approved	
bogsamler	sb	approved	
bokser	sb	rejected	weapons-violence: combat sport; also underwear
boldspiller	sb	approved	
bonde	sb	rejected	negative: used as an insult (hick/peasant); class
bookmaker	sb	rejected	death-illness-misfortune: gambling addiction association
borger	sb	approved	
botaniker	sb	approved	
brandchef	sb	approved	
brandmand	sb	rejected	sensitive: gendered (-mand) occupation term
brandslukker	sb	rejected	odd-unclear: person sense unusual
brevskriver	sb	approved	
broder	sb	rejected	sensitive: gendered family term; religious 'brother'
brud	sb	rejected	death-illness-misfortune: also fracture/breach; marital/gendered
bruger	sb	rejected	death-illness-misfortune: slang for drug user
bryder	sb	rejected	weapons-violence: combat sport (wrestler); also 'breaker'
brygger	sb	rejected	death-illness-misfortune: alcohol association
brændehugger	sb	approved	
bybo	sb	rejected	odd-unclear: uncommon; origin label
byggeleder	sb	approved	
bylt	sb	rejected	odd-unclear: bundle, odd for a person
bådebygger	sb	approved	
børnepasser	sb	approved	
børsmægler	sb	approved	
campist	sb	approved	
chauffør	sb	approved	
chef	sb	approved	
cigarmager	sb	rejected	death-illness-misfortune: tobacco association
cykelrytter	sb	approved	
cykelsmed	sb	approved	
cyklist	sb	approved	
danser	sb	approved	
darling	sb	rejected	odd-unclear: English endearment, embarrassing
datalog	sb	approved	
date	sb	rejected	sensitive: romantic/dating connotation
datter	sb	rejected	sensitive: gendered family term
debattør	sb	rejected	sensitive: political commentator; opinionated
deltager	sb	approved	
designer	sb	approved	
diplomat	sb	approved	
direktør	sb	approved	
dirigent	sb	approved	
dommer	sb	rejected	sensitive: court/judgment role; confusing and loaded in legal/social-services cases (second review)
dramatiker	sb	approved	
drivkraft	sb	rejected	odd-unclear: abstract
dronning	sb	rejected	sensitive: royal title; gendered
drømmekvinde	sb	rejected	sensitive: gendered, romantic/sexual
dyrehandler	sb	approved	
dyreven	sb	approved	
dyrlæge	sb	approved	
dyslektiker	sb	rejected	death-illness-misfortune: disability/condition
dørvogter	sb	rejected	weapons-violence: bouncer/security guard role (second review)
efterkommer	sb	rejected	sensitive: origin (immigrant-descendant statistics term)
eftersnakker	sb	rejected	negative: copycat
ejer	sb	approved	
ejermand	sb	rejected	odd-unclear: old-fashioned, gendered
eksaminand	sb	rejected	odd-unclear: jargon
eksaminator	sb	rejected	odd-unclear: jargon
eksempel	sb	rejected	odd-unclear: not a person
eksistens	sb	rejected	odd-unclear: abstract
ekspert	sb	approved	
eksportør	sb	approved	
elektriker	sb	approved	
elev	sb	approved	
emne	sb	rejected	odd-unclear: mostly abstract (topic)
eneforsørger	sb	rejected	sensitive: single-parent family status
ener	sb	rejected	negative: loner
enke	sb	rejected	death-illness-misfortune: widow
enkeltperson	sb	rejected	odd-unclear: administrative
entreprenør	sb	approved	
entusiast	sb	approved	
etiker	sb	rejected	odd-unclear: rare academic
fader	sb	rejected	sensitive: gendered family/religious term
faderbillede	sb	rejected	sensitive: psychological family term
faglærer	sb	approved	
fan	sb	rejected	negative: homograph of Swedish curse 'fan' (devil), cf. Danish 'fanden' (second review)
farao	sb	rejected	sensitive: royal/religious historical title
farmaceut	sb	approved	
farmand	sb	rejected	sensitive: gendered family term
fastholder	sb	rejected	odd-unclear: unclear role
fatalist	sb	rejected	negative: resigned outlook
feltpræst	sb	rejected	sensitive: religious/military
feminist	sb	rejected	sensitive: political
festdeltager	sb	approved	
figur	sb	rejected	body-appearance: body shape sense
filantrop	sb	approved	
filmfotograf	sb	approved	
filosof	sb	approved	
finder	sb	rejected	odd-unclear: odd as person name
finmekaniker	sb	approved	
fisker	sb	approved	
fjerdemand	sb	rejected	odd-unclear: card-game jargon; gendered
fjollerik	sb	rejected	negative: silly person
flygtning	sb	rejected	sensitive: refugee status
flyttemand	sb	rejected	sensitive: gendered (-mand) occupation term
fodgænger	sb	approved	
foged	sb	rejected	death-illness-misfortune: debt enforcement/eviction
forbillede	sb	rejected	odd-unclear: abstract role
forbindelse	sb	rejected	odd-unclear: abstract
forbruger	sb	approved	
forfader	sb	rejected	death-illness-misfortune: deceased ancestor
forfatter	sb	approved	
forgænger	sb	rejected	odd-unclear: relational word (predecessor), odd as a name
forhandler	sb	rejected	weapons-violence: in crime/legal contexts reads as (drug) dealer (second review)
forligsmand	sb	rejected	odd-unclear: specialised official title
forlægger	sb	approved	
formand	sb	approved	
fornyer	sb	rejected	odd-unclear: rare as a standalone noun
forsker	sb	approved	
forstander	sb	approved	
forsvarer	sb	rejected	weapons-violence: criminal defence counsel / military defence (second review)
forsvarschef	sb	rejected	weapons-violence: military chief
forsørger	sb	rejected	sensitive: family/economic status word (provider)
fortaler	sb	rejected	odd-unclear: relational, needs 'for ...'
fortolker	sb	rejected	odd-unclear: uncommon standalone
fortsætter	sb	rejected	odd-unclear: very odd as a person noun
fortæller	sb	approved	
fotograf	sb	approved	
fragtmand	sb	approved	
fredsforsker	sb	rejected	odd-unclear: niche academic title tied to war/conflict studies (second review)
fredsmægler	sb	rejected	negative: implies conflict/war; loaded in HR or dispute cases (second review)
frisør	sb	approved	
fulderik	sb	rejected	negative: drunkard
fund	sb	rejected	odd-unclear: a 'find', not a person word
funktionær	sb	rejected	odd-unclear: HR/legal employment-status term (funktionærloven); dull-bureaucrat connotation (second review)
fyrste	sb	rejected	sensitive: royal/noble title
fyrtårn	sb	rejected	odd-unclear: metaphorical for a person
fysiker	sb	approved	
fægter	sb	rejected	weapons-violence: sword fighting (second review)
fænomen	sb	rejected	odd-unclear: abstract, not a person word
fætter	sb	rejected	sensitive: family relation, gendered
fødselar	sb	approved	
følger	sb	rejected	negative: commonly read as plural 'følger' = consequences/after-effects (senfølger) (second review)
førskolebarn	sb	rejected	sensitive: age/child status
gadehandler	sb	approved	
gamer	sb	approved	
gartner	sb	approved	
gastronom	sb	approved	
genbo	sb	approved	
general	sb	rejected	weapons-violence: military rank
genforsker	sb	rejected	odd-unclear: niche; genetics/heredity touches on illness (second review)
genganger	sb	rejected	death-illness-misfortune: ghost/revenant
geni	sb	rejected	negative: very often sarcastic ('dit geni'); intelligence label (second review)
gentleman	sb	rejected	sensitive: gendered
geolog	sb	approved	
giftefoged	sb	rejected	odd-unclear: archaic official title
giver	sb	rejected	odd-unclear: rare as a standalone noun; reads as verb 'giver' (gives) (second review)
glaciolog	sb	rejected	odd-unclear: very rare profession
glarmester	sb	approved	
globetrotter	sb	approved	
golfspiller	sb	approved	
goliat	sb	rejected	body-appearance: refers to body size; biblical
gourmet	sb	approved	
grafiker	sb	approved	
gratist	sb	rejected	negative: freeloader
gratulant	sb	approved	
greve	sb	rejected	sensitive: noble title
grinebider	sb	approved	
grundejer	sb	approved	
græsenke	sb	rejected	sensitive: marital status, contains 'enke', gendered
grønthandler	sb	approved	
guide	sb	approved	
guitarist	sb	approved	
gulddreng	sb	rejected	sensitive: gendered/age ('boy')
guldsmed	sb	approved	
guvernør	sb	rejected	sensitive: political/colonial title
gymnast	sb	approved	
gæst	sb	approved	
halinspektør	sb	approved	
handlende	sb	rejected	odd-unclear: participle noun, odd
havforsker	sb	approved	
havnefoged	sb	rejected	sensitive: 'foged' evokes fogedret (debt enforcement, eviction) (second review)
headhunter	sb	rejected	weapons-violence: literal sense is head-hunting; jargon
helt	sb	rejected	odd-unclear: homograph of very common adverb 'helt' (completely); often ironic (second review)
herre	sb	rejected	sensitive: gendered, master/servant connotation
herremand	sb	rejected	sensitive: class/gendered title
hertug	sb	rejected	sensitive: noble title
historiker	sb	approved	
hjerne	sb	rejected	body-appearance: body part (brain)
hjerteknuser	sb	rejected	body-appearance: romantic/sexual connotation
hjælp	sb	rejected	odd-unclear: 'help' as a person is dated/odd
hjælper	sb	approved	
hofdame	sb	rejected	sensitive: royal court, gendered
hortonom	sb	rejected	odd-unclear: technical title
hoved	sb	rejected	body-appearance: body part (head)
hovedperson	sb	approved	
humørspreder	sb	approved	
hun	sb	rejected	sensitive: pronoun 'she'/female, gender
husmor	sb	rejected	sensitive: gender role (housewife)
hyrde	sb	rejected	sensitive: strong biblical/religious connotation ('den gode hyrde'); rare occupation today (second review)
håndværker	sb	approved	
hædersmand	sb	rejected	sensitive: gendered, old-fashioned
hærfører	sb	rejected	weapons-violence: military commander
idrætsleder	sb	approved	
ikkeryger	sb	rejected	death-illness-misfortune: health/life-status label
illusionist	sb	approved	
indbygger	sb	rejected	odd-unclear: relational, odd standalone
indehaver	sb	rejected	odd-unclear: relational, needs an object
individ	sb	rejected	odd-unclear: abstract, can sound dehumanising
indpisker	sb	rejected	sensitive: political whip, harsh connotation
indvandrer	sb	rejected	sensitive: origin/immigration status
informatør	sb	rejected	negative: informant (snitch) sense
ingeniør	sb	approved	
instruktør	sb	approved	
investor	sb	rejected	sensitive: wealth/class status label (cf. aktionær) (second review)
jakobiner	sb	rejected	sensitive: political/historical
janitshar	sb	rejected	odd-unclear: archaic/rare
jazzmusiker	sb	approved	
jeg	sb	rejected	odd-unclear: pronoun/abstract self
journalist	sb	approved	
jubilar	sb	approved	
jurist	sb	approved	
kaffedrikker	sb	approved	
kandidat	sb	rejected	sensitive: political/election candidate; also HR applicant status, confusable with real case status (second review)
kanon	sb	rejected	weapons-violence: cannon
kapelmester	sb	rejected	odd-unclear: old-fashioned title; 'kapel' evokes (funeral) chapel (second review)
kaptajn	sb	rejected	weapons-violence: also a military rank (second review)
karakter	sb	rejected	odd-unclear: abstract (grade/character)
karl	sb	rejected	sensitive: gendered/class (farmhand)
kasserer	sb	approved	
kautionist	sb	rejected	odd-unclear: legal/financial jargon
kavaler	sb	rejected	sensitive: gendered/romantic
kejser	sb	rejected	sensitive: royal title
kemiingeniør	sb	approved	
kemiker	sb	approved	
kender	sb	rejected	odd-unclear: unclear standalone ('connoisseur'/verb 'knows')
kilde	sb	rejected	odd-unclear: 'source' as a person, odd
klasselærer	sb	approved	
klassiker	sb	rejected	odd-unclear: 'a classic' as a person, odd
kleppert	sb	rejected	negative: nag/worn-out horse, derogatory
klient	sb	rejected	sensitive: social-services client status
klimaforsker	sb	approved	
klippe	sb	rejected	odd-unclear: metaphorical 'rock' for a person
klunser	sb	rejected	negative: scavenger/rag-picker, poverty
kok	sb	approved	
kollega	sb	approved	
kollektør	sb	rejected	odd-unclear: rare jargon (lottery agent)
komet	sb	rejected	odd-unclear: metaphorical for a person
komiker	sb	rejected	negative: used ironically ('din komiker') for someone not taken seriously (second review)
komponist	sb	approved	
konduktør	sb	approved	
kone	sb	rejected	sensitive: gendered marital status (wife)
konferencier	sb	rejected	odd-unclear: French spelling, hard to spell, not everyday (second review)
konge	sb	rejected	sensitive: royal title
konservator	sb	rejected	odd-unclear: jargon; also taxidermist
konsulent	sb	approved	
kontakt	sb	rejected	odd-unclear: 'contact' as a person, odd/ambiguous
kontorist	sb	approved	
kontrollant	sb	rejected	negative: control/enforcement role (fines, benefit-fraud control) (second review)
kontrollør	sb	rejected	negative: ticket inspector handing out fines; control/enforcement connotation (second review)
korsanger	sb	approved	
kortspiller	sb	rejected	death-illness-misfortune: gambling association (poker) (second review)
kosmetolog	sb	approved	
kostforagter	sb	rejected	odd-unclear: idiom-only word
krebs	sb	rejected	sensitive: zodiac sign; 'Krebs' = cancer in German
krigsfange	sb	rejected	weapons-violence: prisoner of war
krigshelt	sb	rejected	weapons-violence: war
kriminolog	sb	rejected	weapons-violence: crime association (second review)
kræs	sb	rejected	odd-unclear: food word, odd for a person
kunde	sb	approved	
kunstkender	sb	approved	
kunstmaler	sb	approved	
kunstner	sb	approved	
kusine	sb	rejected	sensitive: family relation, gendered
kusk	sb	rejected	odd-unclear: archaic occupation (coachman) (second review)
kvinde	sb	rejected	sensitive: gender
kæledægge	sb	rejected	negative: teacher's pet, mocking
kæmpe	sb	rejected	body-appearance: giant, refers to body size
kærlighed	sb	rejected	odd-unclear: abstract emotion
køber	sb	approved	
købmand	sb	approved	
køkkenleder	sb	approved	
kønsforsker	sb	rejected	sensitive: gender/sex
kører	sb	rejected	odd-unclear: reads as the verb 'kører' (drives); noun rare outside compounds (second review)
laborant	sb	approved	
landarbejder	sb	rejected	sensitive: class label (labourer), cf. arbejder (second review)
landmand	sb	approved	
landsbybo	sb	rejected	sensitive: residence/origin label, can read as provincial
leder	sb	approved	
ledsager	sb	rejected	death-illness-misfortune: disability-service role (ledsageordning); escort connotation (second review)
legebarn	sb	rejected	negative: calls an adult a child; can read as childish
legekammerat	sb	rejected	negative: childish for an adult; adult sexual-partner connotation (second review)
lejer	sb	rejected	sensitive: housing/economic status label
lejesoldat	sb	rejected	weapons-violence: mercenary
lige	sb	rejected	odd-unclear: an equal; does not read as a person name
likvidator	sb	rejected	death-illness-misfortune: bankruptcy liquidator; evokes liquidating/killing
lingvist	sb	approved	
litterat	sb	approved	
livsnyder	sb	rejected	negative: hedonist label, can imply indulgence/laziness; alcohol/tobacco topic (second review)
livvagt	sb	rejected	weapons-violence: bodyguard; security/violence context
lykkeridder	sb	rejected	negative: fortune hunter/adventurer, unflattering
lynafleder	sb	rejected	negative: as Person: one who absorbs blame/anger
lyriker	sb	approved	
lys	sb	rejected	odd-unclear: as Person not clearly a person; 'ikke et lys' irony
långiver	sb	rejected	odd-unclear: financial/legal role, not natural for a name
låntager	sb	rejected	death-illness-misfortune: debtor/borrower status
lægdommer	sb	rejected	odd-unclear: legal role tied to criminal trials
lægesekretær	sb	rejected	death-illness-misfortune: medical/illness setting (second review)
lærer	sb	approved	
lærerinde	sb	rejected	sensitive: dated gender-marked form
læseforsker	sb	rejected	odd-unclear: rare specialist title
læser	sb	rejected	odd-unclear: as Case the device sense is unclear
løber	sb	rejected	weapons-violence: gang slang for drug runner; also verb form 'løber' (second review)
lønmodtager	sb	rejected	odd-unclear: administrative/economic category term
løve	sb	rejected	odd-unclear: animal, not a person word; also zodiac sign
machotype	sb	rejected	negative: macho type, unflattering and gendered
mage	sb	rejected	odd-unclear: animal mate / archaic 'equal'
majestæt	sb	rejected	sensitive: royal title
maler	sb	approved	
mand	sb	rejected	sensitive: gender-specific; also 'husband'
markis	sb	rejected	sensitive: noble title
marskal	sb	rejected	weapons-violence: military rank
massør	sb	rejected	body-appearance: massage; possible sexual connotation
matador	sb	rejected	weapons-violence: bullfighter
matematiker	sb	approved	
matros	sb	approved	
mavedanser	sb	rejected	body-appearance: belly dancer; body-focused
medarbejder	sb	approved	
medborger	sb	rejected	sensitive: citizenship status
medhjælper	sb	approved	
medlem	sb	approved	
medmenneske	sb	rejected	odd-unclear: generic 'fellow human'
medsøster	sb	rejected	sensitive: gendered; religious/sisterhood connotation
mekaniker	sb	approved	
mellemleder	sb	rejected	negative: often used mockingly; hierarchical
menigmand	sb	rejected	sensitive: 'common man', class label
meningsfælle	sb	rejected	sensitive: political/opinion ally
menneske	sb	rejected	odd-unclear: too generic
menneskedyr	sb	rejected	odd-unclear: philosophical, odd
menneskehed	sb	rejected	odd-unclear: humanity, not a person
mester	sb	approved	
meteorolog	sb	approved	
militærlæge	sb	rejected	weapons-violence: military
millionær	sb	rejected	sensitive: wealth/class label
minearbejder	sb	rejected	sensitive: class label (worker); mining-accident connotation (second review)
mineralog	sb	rejected	odd-unclear: rare specialist occupation (second review)
model	sb	rejected	body-appearance: fashion model; appearance
moder	sb	rejected	sensitive: family status/gender; formal
modtager	sb	rejected	sensitive: recipient, e.g. of benefits
motionist	sb	approved	
motorcyklist	sb	approved	
murer	sb	approved	
musikchef	sb	approved	
musikelsker	sb	approved	
musiker	sb	approved	
musikforsker	sb	approved	
muskelmand	sb	rejected	body-appearance: body/appearance
myndling	sb	rejected	death-illness-misfortune: legal ward; incapacity status
målmand	sb	approved	
målvogter	sb	approved	
mægler	sb	approved	
møbelsnedker	sb	approved	
mødeleder	sb	approved	
møller	sb	rejected	odd-unclear: reads as the common surname Møller
møntsamler	sb	approved	
nabo	sb	approved	
naturforsker	sb	approved	
navn	sb	rejected	odd-unclear: not a person word
navnefælle	sb	rejected	odd-unclear: namesake; odd as identifier
nevø	sb	rejected	sensitive: family-relation word
nipsgenstand	sb	rejected	negative: objectifying ('trophy') for a person
objekt	sb	rejected	negative: objectifying for a person
officer	sb	rejected	weapons-violence: military
okkultist	sb	rejected	sensitive: occult/religion
oldebarn	sb	rejected	sensitive: family/age word
onkel	sb	rejected	sensitive: family-relation word
opdrætter	sb	rejected	odd-unclear: animal-breeding term, odd as a person label (second review)
operatør	sb	approved	
ophavsmand	sb	rejected	odd-unclear: formal; often 'originator of' something bad
optiker	sb	approved	
optimist	sb	approved	
ordkunstner	sb	approved	
organisator	sb	approved	
outsider	sb	rejected	negative: outsider, exclusion
overhoved	sb	rejected	odd-unclear: formal/odd
overlever	sb	rejected	death-illness-misfortune: survivor of trauma/disaster
overmand	sb	rejected	negative: superior who defeats you
overmenneske	sb	rejected	sensitive: Übermensch, ideological
overspiser	sb	rejected	negative: overeater
oversætter	sb	approved	
overtjener	sb	approved	
pakkepost	sb	rejected	odd-unclear: not a person word
part	sb	rejected	odd-unclear: legal 'party', not a natural name
passager	sb	approved	
patriot	sb	rejected	sensitive: nationalism/politics
pengemand	sb	rejected	sensitive: wealth label
pensionist	sb	rejected	sensitive: age/retirement
performer	sb	approved	
person	sb	rejected	odd-unclear: too generic
personlighed	sb	rejected	odd-unclear: abstract
pianist	sb	approved	
pilot	sb	approved	
pioner	sb	approved	
politichef	sb	rejected	weapons-violence: police
politimand	sb	rejected	weapons-violence: police
politisoldat	sb	rejected	weapons-violence: police/military
post	sb	rejected	odd-unclear: as Person not clearly a person
postbud	sb	approved	
praktikant	sb	rejected	negative: junior/inexperienced status; job-centre placement connotation (second review)
prins	sb	rejected	sensitive: royal title
prinsesse	sb	rejected	sensitive: royal title
pristager	sb	approved	
privatlærer	sb	approved	
producer	sb	approved	
professor	sb	approved	
profil	sb	rejected	odd-unclear: not clearly a person
prognostiker	sb	rejected	odd-unclear: rare
programchef	sb	approved	
programmør	sb	approved	
præfekt	sb	rejected	odd-unclear: rare/archaic title
psykolog	sb	approved	
pædagog	sb	approved	
racerkører	sb	approved	
realist	sb	approved	
redder	sb	approved	
rejseleder	sb	approved	
rejsende	sb	approved	
rektor	sb	approved	
rekvirent	sb	rejected	odd-unclear: legal jargon
repræsentant	sb	approved	
researcher	sb	approved	
respondent	sb	rejected	odd-unclear: survey jargon
revisor	sb	approved	
rigmand	sb	rejected	sensitive: wealth/gender label
rigsrevisor	sb	rejected	odd-unclear: unique official title
rockmusiker	sb	approved	
rolle	sb	rejected	odd-unclear: not a person
rollemodel	sb	approved	
rotte	sb	rejected	negative: rat, insulting
rugemoder	sb	rejected	sensitive: surrogate mother
rumpilot	sb	rejected	odd-unclear: not a real everyday occupation (astronaut is the usual word) (second review)
ryger	sb	rejected	death-illness-misfortune: smoker, addiction
rytter	sb	approved	
rådgiver	sb	approved	
ræsonnør	sb	rejected	odd-unclear: rare/literary
salgsleder	sb	approved	
samarit	sb	approved	
sanger	sb	approved	
sangskriver	sb	approved	
sangstjerne	sb	approved	
satanist	sb	rejected	sensitive: religion
satiriker	sb	approved	
scenograf	sb	approved	
sejler	sb	approved	
sejrherre	sb	rejected	weapons-violence: victor, war connotation
sekretær	sb	approved	
selvmorder	sb	rejected	death-illness-misfortune: suicide
senior	sb	rejected	sensitive: age
sidemand	sb	approved	
sild	sb	rejected	body-appearance: as Person: slang for a girl, sexualizing
single	sb	rejected	sensitive: relationship status
sjæl	sb	rejected	odd-unclear: abstract 'soul', religious connotation, not a person noun
skakspiller	sb	approved	
skat	sb	rejected	odd-unclear: intimate endearment 'darling' or 'tax'
skatmester	sb	approved	
skattechef	sb	rejected	negative: tax-authority role, evokes debt and collection in case settings (second review)
skatteyder	sb	rejected	odd-unclear: civic/economic status word, reads sarcastically as a name
skibskaptajn	sb	approved	
skibsreder	sb	rejected	sensitive: byword for great wealth (shipping magnate), class connotation (second review)
skiløber	sb	approved	
skjald	sb	rejected	odd-unclear: archaic Norse poet
skolebarn	sb	rejected	sensitive: age: schoolchild, childish for adults
skoleelev	sb	rejected	sensitive: age: school pupil
skoleleder	sb	approved	
skolelærer	sb	approved	
skomager	sb	approved	
skribent	sb	approved	
skriver	sb	approved	
skrædder	sb	approved	
skytte	sb	rejected	weapons-violence: shooter/marksman
skæbne	sb	rejected	odd-unclear: fate, not a person
skærsliber	sb	rejected	odd-unclear: archaic trade; idiom for chatterbox
skøjteløber	sb	approved	
skønhed	sb	rejected	body-appearance: appearance judgement 'beauty'
slider	sb	approved	
slægtning	sb	rejected	odd-unclear: relational family word, needs a referent
smager	sb	rejected	odd-unclear: rare standalone, reads as verb 'tastes'
smed	sb	approved	
sminkør	sb	approved	
snakkehoved	sb	rejected	negative: chatterbox
snedker	sb	approved	
socialchef	sb	rejected	sensitive: head of social services; loaded and confusing as an identifier in case settings (second review)
soldat	sb	rejected	weapons-violence: military
solstråle	sb	rejected	odd-unclear: figurative endearment, not a person noun
sopran	sb	rejected	sensitive: gendered voice type, odd for men
souschef	sb	approved	
sparer	sb	rejected	odd-unclear: rare standalone; could suggest stinginess
spasmager	sb	rejected	negative: joker, often dismissive
spejder	sb	approved	
spiller	sb	approved	
spiritist	sb	rejected	sensitive: religious/occult belief
spirrevip	sb	rejected	negative: mocking word for a fop
sponsor	sb	approved	
sportsdanser	sb	approved	
sportsudøver	sb	approved	
spreder	sb	rejected	odd-unclear: technical device; odd as person (spreader of rumors)
springer	sb	rejected	odd-unclear: chess knight / reads as verb 'jumps'
sprogbruger	sb	rejected	odd-unclear: linguistic jargon
sproglærer	sb	approved	
sprogtalent	sb	approved	
spædbarn	sb	rejected	sensitive: age: infant, mocking for adults
statistiker	sb	approved	
statsborger	sb	rejected	sensitive: citizenship/nationality status
stenhugger	sb	rejected	death-illness-misfortune: in Denmark mainly a headstone carver (second review)
steward	sb	rejected	sensitive: gendered (male counterpart of stewardesse); also stadium security steward (second review)
stifinder	sb	approved	
stjerne	sb	approved	
student	sb	approved	
stuepige	sb	rejected	sensitive: maid, class and gender role
stueplante	sb	rejected	negative: figurative for passive stay-at-home person
stump	sb	rejected	negative: diminutive, can mock size
stykke	sb	rejected	negative: 'et stykke' about a person is derogatory
styrmand	sb	approved	
støtte	sb	rejected	odd-unclear: abstract 'support', not a person noun
superkvinde	sb	rejected	sensitive: gendered, ironic
surfer	sb	approved	
sut	sb	rejected	negative: pacifier; slang insult
svend	sb	rejected	odd-unclear: reads as man's first name; gendered/archaic
svækling	sb	rejected	negative: weakling
svømmer	sb	rejected	odd-unclear: as Case reads as a person, not a thing
sygehjælper	sb	rejected	odd-unclear: outdated job title; contains 'syge' (sick) (second review)
syngepige	sb	rejected	sensitive: archaic gendered term with dubious connotation
sømand	sb	approved	
søn	sb	rejected	odd-unclear: relational family word, gendered
søskende	sb	rejected	odd-unclear: collective plural 'siblings', relational
søskendebarn	sb	rejected	odd-unclear: relational family word (cousin)
talepædagog	sb	approved	
taler	sb	approved	
talerør	sb	rejected	odd-unclear: figurative 'mouthpiece', relational
talsmand	sb	approved	
tandlæge	sb	approved	
tankelæser	sb	rejected	odd-unclear: occult/fictional role
tante	sb	rejected	sensitive: gendered family word, mocking for older women
tedrikker	sb	approved	
teenager	sb	rejected	sensitive: age
tegner	sb	approved	
tekniker	sb	approved	
teoretiker	sb	approved	
terapeut	sb	approved	
tidtager	sb	approved	
tilbudsjæger	sb	rejected	negative: bargain hunter, implies cheapness
tilflytter	sb	rejected	sensitive: origin/newcomer status
tilhænger	sb	rejected	odd-unclear: relational follower; political/religious sense
tilhører	sb	approved	
tipper	sb	rejected	death-illness-misfortune: betting punter, gambling
toer	sb	rejected	negative: low school grade '02'; odd as both person and thing
tolder	sb	rejected	weapons-violence: customs/border enforcement officer (second review)
trafikant	sb	rejected	odd-unclear: traffic jargon
translatør	sb	approved	
trojaner	sb	rejected	odd-unclear: historical ethnonym; malware/condom brand
troldmand	sb	rejected	sensitive: gendered (-mand, not a job title); occult (second review)
trykker	sb	approved	
trækplaster	sb	rejected	odd-unclear: figurative, literally a medical plaster
træner	sb	approved	
trøster	sb	rejected	odd-unclear: implies grief context, figurative
tsar	sb	rejected	sensitive: royalty/politics
turist	sb	approved	
tvilling	sb	rejected	sensitive: family status / astrology sign
tyksak	sb	rejected	body-appearance: fatso
type	sb	rejected	negative: 'en type' is dismissive
tyrefægter	sb	rejected	weapons-violence: bullfighting, animal violence
tænker	sb	approved	
tømrer	sb	approved	
udgiver	sb	approved	
udlejer	sb	rejected	sensitive: landlord, class/property status
udlænding	sb	rejected	sensitive: foreigner, origin
udvandrer	sb	rejected	sensitive: emigrant, origin
udvikler	sb	approved	
udøver	sb	rejected	odd-unclear: vague 'practitioner'
underbo	sb	rejected	odd-unclear: relational 'downstairs neighbour'
ungarbejder	sb	rejected	sensitive: age
urfader	sb	rejected	odd-unclear: archaic 'patriarch'
vagt	sb	rejected	odd-unclear: as Case it is a shift/duty, not a thing
vagtmand	sb	rejected	weapons-violence: security guard, policing/coercion connotation (second review)
vagtmester	sb	rejected	weapons-violence: prison officer / military rank
valgforsker	sb	rejected	sensitive: politics
vandrer	sb	approved	
vanemenneske	sb	rejected	negative: creature of habit, mildly negative
vegetar	sb	rejected	sensitive: lifestyle/belief label
vejviser	sb	approved	
ven	sb	approved	
veteran	sb	rejected	sensitive: age / war veteran
videnskab	sb	rejected	odd-unclear: abstract 'science', not a person
vidne	sb	rejected	weapons-violence: legal witness, crime context
vidunderbarn	sb	rejected	sensitive: age: 'child' for adults
vikar	sb	approved	
viking	sb	rejected	sensitive: national/historical identity; raiding
vildkat	sb	rejected	negative: figurative 'wild woman'
vinder	sb	approved	
vinkender	sb	rejected	death-illness-misfortune: alcohol connoisseur
visesanger	sb	approved	
vokalist	sb	approved	
voksen	sb	rejected	sensitive: age
volontør	sb	rejected	odd-unclear: dated/uncommon word (unpaid trainee) (second review)
vovehals	sb	rejected	negative: implies recklessness
vulkan	sb	rejected	odd-unclear: not a person; figurative temper
våbensmed	sb	rejected	weapons-violence: weapon smith
vårhare	sb	rejected	odd-unclear: figurative, frisky/sexual connotation
vægt	sb	rejected	body-appearance: weight; Libra sense for person
værge	sb	rejected	death-illness-misfortune: legal guardian implies incapacity
vært	sb	approved	
yndling	sb	rejected	odd-unclear: endearment, favouritism
yngling	sb	rejected	sensitive: archaic, age
ægtefælle	sb	rejected	sensitive: family/marital status
ægtemand	sb	rejected	sensitive: marital status, gendered
æresdoktor	sb	rejected	odd-unclear: rare academic title
æstet	sb	rejected	negative: can be mocking (snob)
økonom	sb	approved	
økonomichef	sb	approved	
bekendte bekendt	pair	rejected	odd-unclear: repeated word reads as an error/stutter
distraherede apoteker	pair	rejected	negative: implies medication errors
distraherede bilist	pair	rejected	negative: traffic-safety stock phrase for drivers who cause accidents
distraherede børnepasser	pair	rejected	negative: implies neglect of children in care
distraherede chauffør	pair	rejected	negative: implies negligent driver
distraherede elev	pair	rejected	sensitive: labels a pupil as inattentive (school-problem/ADHD connotation)
distraherede farmaceut	pair	rejected	negative: implies medication errors
distraherede motorcyklist	pair	rejected	negative: implies negligent road user
distraherede målmand	pair	rejected	negative: mocks a goalkeeper who lets in goals
distraherede målvogter	pair	rejected	negative: mocks a goalkeeper who lets in goals
distraherede pilot	pair	rejected	negative: implies negligence in a safety-critical role
distraherede professor	pair	rejected	negative: stock 'absent-minded professor' caricature
distraherede pædagog	pair	rejected	negative: implies neglect of children in care
distraherede racerkører	pair	rejected	negative: implies crash-prone driver
distraherede redder	pair	rejected	negative: lifeguard not paying attention (drowning risk)
distraherede skibskaptajn	pair	rejected	negative: implies negligence in a safety-critical role
distraherede styrmand	pair	rejected	negative: implies negligence in a safety-critical role
distraherede tandlæge	pair	rejected	negative: implies careless treatment of patients
kreative kasserer	pair	rejected	negative: creative accounting/embezzlement connotation
kreative revisor	pair	rejected	negative: 'kreativ bogføring/regnskab' = creative accounting, i.e. fraud
kreative skatmester	pair	rejected	negative: creative accounting/embezzlement connotation
kreative statistiker	pair	rejected	negative: 'kreativ statistik' = manipulated numbers
kreative økonomichef	pair	rejected	negative: creative accounting/fraud connotation
